{
	
    "platforms": [
        {"image": "ground", "x": 0, "y": 595},
        {"image": "grass_left", "x": 0, "y": -3},
        {"image": "grass_right", "x": 932, "y": -3},
        {"image": "grass_sky", "x": 0, "y": -1},
        {"image": "grf_t_box_l", "x": 20, "y": 101},
		{"image": "std_g3", "x": 460, "y": 350},
		{"image": "std_g3", "x": 110, "y": 230},
        {"image": "std_g3_l", "x": 0, "y": 145},
		{"image": "std_g3_l", "x": 0, "y": 450},
		{"image": "std_g2", "x": 756, "y": 180},
		{"image": "std_g2", "x": 756, "y": 470},
        {"image": "std_g3", "x": 450, "y": 100},
		{"image": "grf_t_box_l", "x": 720, "y": 552},
		{"image": "grf_t_box_l", "x": 678, "y": 552}	
    ],

    "coins": 
	[
	    {"x": 710, "y": 84},
	    {"x": 650, "y": 84},
	    {"x": 620, "y": 84},
	    {"x": 530, "y": 84},
        {"x": 500, "y": 84},
		{"x": 470, "y": 84},
	    {"x": 565, "y": 275},
	    {"x": 535, "y": 275},
	    {"x": 505, "y": 275},
        {"x": 475, "y": 275},
		{"x": 445, "y": 275},
		{"x": 415, "y": 275}     
    ],

    "cherry": 
	[
	{"x": 225, "y": 160},
	{"x": 283, "y": 160},
	{"x": 693, "y": 279},
	{"x": 635, "y": 279},
	{"x": 893, "y": 401},
	{"x": 835, "y": 401},
	{"x": 739, "y": 533},
	{"x": 701, "y": 533}
	],
    
    "banana": 
	[
		{"x": 575, "y": 85}	
    ],
    
	
    "ork_mode_two":[],
    "ork_mode_three":[],
    "ork_mode_four":[],
    "crocco_mode": [{"x": 100, "y": 550}, {"x": 250, "y": 550}, {"x": 400, "y": 550},{"x": 550, "y": 550}, {"x": 295, "y": 200}, {"x": 160, "y": 200}, {"x": 580, "y": 305}],
    "bird_mode": [{"x": 550, "y": 230}, {"x": 630, "y": 440}, {"x": 130, "y": 325}],
    "ork_mode_one":[{"x": 769, "y": 400}],
    "access_dir": {"x": 20, "y": 386},
    "out_dir": {"x": 845, "y": 117},
    "diki": {"x": 80, "y": 420},
	"button":{"x": 160, "y": 108},
    "point_out": {"x": 918, "y": 182},
    "trophy": {"x": 20, "y": 56},
    "treasure": { "x": 665, "y": 64}
}
