{
	
    "platforms": [
        {"image": "ground", "x": 0, "y": 595},
        {"image": "grass_left", "x": 0, "y": -3},
        {"image": "grass_right", "x": 932, "y": -3},
        {"image": "grass_sky", "x": 0, "y": -1},
        {"image": "grf_t_box_l", "x": 20, "y": 101},
        {"image": "std_g1", "x": 0, "y": 450},
        {"image": "std_g3_l", "x": 0, "y": 145},
		{"image": "grf_t_box_r", "x": 274, "y": 232},
		{"image": "grf_t_box_r", "x": 230, "y": 232},
		{"image": "grf_t_box_r", "x": 230, "y": 276},
		{"image": "grf_t_box_r", "x": 274, "y": 276},
		{"image": "grf_t_box_r", "x": 318, "y": 276},
		{"image": "grf_t_box_r", "x": 885, "y": 407},
		{"image": "std_g2", "x": 756, "y": 180},
		{"image": "std_g2", "x": 756, "y": 450},
        {"image": "std_g3", "x": 450, "y": 100},
        {"image": "std_g4_F", "x": 230, "y": 320},
        {"image": "grf_t_root", "x": 205, "y": 570},
	    {"image": "grf_t_root", "x": 410, "y": 570}
    ],
	
    "coins": [
	    {"x": 710, "y": 84},
	    {"x": 650, "y": 84},
	    {"x": 620, "y": 84},
	    {"x": 530, "y": 84},
        {"x": 500, "y": 84},
		{"x": 470, "y": 84},
	    {"x": 545, "y": 300},
	    {"x": 515, "y": 300},
	    {"x": 485, "y": 300},
        {"x": 455, "y": 300},
		{"x": 425, "y": 300},
		{"x": 395, "y": 300}     
    ],

    "cherry": [
	{"x": 655, "y": 300},
	{"x": 625, "y": 300},
	{"x": 635, "y": 522},
	{"x": 695, "y": 522},
	{"x": 909, "y": 387}
	],
    
    "banana": [
		{"x": 255, "y": 217},
		{"x": 295, "y": 217},
		{"x": 580, "y": 305},
		{"x": 575, "y": 85}	
    ],
    
    "ork_mode_two":[{"x": 850, "y": 550}],
    "ork_mode_three":[],
    "ork_mode_four":[],
    "crocco_mode": [],
    "bird_mode": [{"x": 550, "y": 190}],
    "ork_mode_one":[],
	"access_dir": {"x": 20, "y": 390},
    "out_dir": {"x": 845, "y": 117},
	"diki": {"x": 140, "y": 420},
	"button":{"x": 160, "y": 108},
    "point_out": {"x": 918, "y": 182},
    "trophy": {"x": 20, "y": 56},
    "treasure": { "x": 665, "y": 64}
}
