{
	
    "platforms": 
	[
        {"image": "ground", "x": 0, "y": 595},
        {"image": "grass_left", "x": 0, "y": -3},
        {"image": "grass_right", "x": 932, "y": -3},
        {"image": "grass_sky", "x": 0, "y": -1},
        {"image": "grf_t_box_l", "x": 883, "y": 137},
		{"image": "std_g3", "x": 460, "y": 350},
		{"image": "std_g3", "x": 110, "y": 230},
        {"image": "std_g3_l", "x": 0, "y": 165},
		{"image": "std_g3_l", "x": 0, "y": 450},
		{"image": "std_g2", "x": 756, "y": 180},
		{"image": "std_g2", "x": 756, "y": 470},
        {"image": "std_g3", "x": 450, "y": 100},
		{"image": "grf_t_box_l", "x": 720, "y": 552},
		{"image": "grf_t_box_l", "x": 678, "y": 552}	
    ],
	
    "coins": 
	[
	    {"x": 565, "y": 275},
	    {"x": 535, "y": 275},
	    {"x": 505, "y": 275},
        {"x": 475, "y": 275},
		{"x": 445, "y": 275},
		{"x": 415, "y": 275}     
    ],


    "cherry": 
	[
	{"x": 225, "y": 160},
	{"x": 283, "y": 160},
	{"x": 693, "y": 279},
	{"x": 635, "y": 279},
	{"x": 65, "y": 378},
	{"x": 123, "y": 378},
	{"x": 783, "y": 110},
	{"x": 843, "y": 110}
	],
    
    "banana": 
	[
	    {"x": 739, "y": 537},
	    {"x": 701, "y": 537}
    ],
    
	
	
    "ork_mode_two":[{"x": 295, "y": 200}],
    "ork_mode_three":[{"x": 779, "y": 440}],
    "ork_mode_four":[{"x": 100, "y": 550}, {"x": 250, "y": 550}, {"x": 400, "y": 550},{"x": 550, "y": 550}],
    "crocco_mode": [{"x": 470, "y": 75}, {"x": 450, "y": 325}, {"x": 580, "y": 325}],
    "bird_mode": [{"x": 550, "y": 230}, {"x": 630, "y": 440}, {"x": 130, "y": 325}, {"x": 230, "y": 75}],
    "ork_mode_one":[],
    "access_dir": {"x": 20, "y": 101},
    "out_dir": {"x": 845, "y": 407},
    "diki": {"x": 125, "y": 135},
	"button":{"x": 160, "y": 108},
    "point_out": {"x": 918, "y": 472},
    "trophy": {"x": 882, "y": 92},
    "treasure": { "x": 700, "y": 64}
}
